[
    {
        "names": "Pr Walsh & Ann",
        "bgImageName": "PrWalshAnn",
        "surname": "",
        "location": "Parramatta, NSW",
        "nation": "Australia",
        "group": "local"
    },
    {
        "names": "David & Sam",
        "bgImageName": "DavidSam",
        "surname": "Walsh",
        "location": "Parramatta (Assist), NSW",
        "nation": "Australia",
        "group": "local"
    },
    {
        "names": "Pat & Kathy",
        "bgImageName": "PatKathy",
        "surname": "Edwards",
        "location": "Hangzhou",
        "nation": "China",
        "group": "local"
    },
    {
        "names": "Cory & Sharon",
        "bgImageName": "CorySharon",
        "surname": "Bourne",
        "location": "Parramatta, NSW",
        "nation": "Australia",
        "group": "local"
    },
    {
        "names": "Rod & Tyanne",
        "bgImageName": "RodTyanne",
        "surname": "Gibson",
        "location": "Parramatt, NSW",
        "nation": "Australia",
        "group": "local"
    },
    {
        "names": "Joshua & Maz",
        "bgImageName": "JoshuaMaz",
        "surname": "Walsh",
        "location": "Port Louis",
        "nation": "Mauritius",
        "group": "local"
    },
    {
        "names": "Nathan & Susan",
        "bgImageName": "NathanSuzy",
        "surname": "Bourne",
        "location": "Otahuhu",
        "nation": "New Zealand",
        "group": "local"
    },
    {
        "names": "Kris & Esther",
        "bgImageName": "KrisEsther",
        "surname": "Simak",
        "location": "Panmure",
        "nation": "New Zealand",
        "group": "local"
    },
    {
        "names": "Darren & Jo",
        "bgImageName": "DarrenJo",
        "surname": "Munzone",
        "location": "Hurstville, NSW",
        "nation": "Australia",
        "group": "local"
    },
    {
        "names": "Ben & Adella",
        "bgImageName": "BenAdella",
        "surname": "Allen",
        "location": "Liverpool, NSW",
        "nation": "Australia",
        "group": "local"
    },
    {
        "names": "Rick & Tina",
        "bgImageName": "RickTina",
        "surname": "Villamonte",
        "location": "Blacktown, NSW",
        "nation": "Australia",
        "group": "local"
    },
    {
        "names": "Ernest & Tay",
        "bgImageName": "ErnestTay",
        "surname": "Bourne",
        "location": "St Clair, NSW",
        "nation": "Australia",
        "group": "local"
    },
    {
        "names": "Tony & Lieu",
        "bgImageName": "TonyLieu",
        "surname": "Hoang",
        "location": "Fairfield, NSW",
        "nation": "Australia",
        "group": "local"
    },
    {
        "names": "Luke & Sophie",
        "bgImageName": "LukeSophie",
        "surname": "Munzone",
        "location": "Henderson",
        "nation": "New Zealand",
        "group": "local"
    },
    {
        "names": "Malcolm & Fiona",
        "bgImageName": "MalcolmFiona",
        "surname": "Anderson",
        "location": "Melrose Park, NSW",
        "nation": "Australia",
        "group": "local"
    },
    {
        "names": "James & Pamela",
        "bgImageName": "JamesPamela",
        "surname": "Huynh",
        "location": "MacArthur",
        "nation": "Australia",
        "group": "local"
    },
    {
        "names": "Johnson & Sopia",
        "bgImageName": "JohnsonSopia",
        "surname": "Huynh",
        "location": "Ingleburn, NSW",
        "nation": "Australia",
        "group": "local"
    },
    {
        "names": "Luke & Nat",
        "bgImageName": "LukeNat",
        "surname": "Smith",
        "location": "Quatre Bornes",
        "nation": "Mauritius",
        "group": "international"
    },
    {
        "names": "Adrian & Tash",
        "bgImageName": "AdrianTash",
        "surname": "Sciacca",
        "location": "Eaglevale, NSW",
        "nation": "Australia",
        "group": "local"
    },
    {
        "names": "John & Jade",
        "bgImageName": "JohnJade",
        "surname": "Hoang",
        "location": "Fairfield (Assist), NSW",
        "nation": "Australia",
        "group": "local"
    },
    {
        "names": "Dave & Doreen",
        "bgImageName": "DaveDoreen",
        "surname": "Sinclair",
        "location": "Auburn, NSW",
        "nation": "Australia",
        "group": "local"
    },
    {
        "names": "Kenny & Sui",
        "bgImageName": "KennySui",
        "surname": "Kura",
        "location": "Marsden Park, NSW",
        "nation": "Australia",
        "group": "local"
    },
    {
        "names": "Stuart & Jen",
        "bgImageName": "StuartJenny",
        "surname": "Leggett",
        "location": "Newcastle, NSW",
        "nation": "Australia",
        "group": "local"
    },
    {
        "names": "Theo & Patricia",
        "bgImageName": "TheoPatricia",
        "surname": "Alexandrou",
        "location": "St Marys, NSW",
        "nation": "Australia",
        "group": "local"
    },
    {
        "names": "Grant & Jodie",
        "bgImageName": "GrantJodie",
        "surname": "Huggins",
        "location": "Lismore, NSW",
        "nation": "Australia",
        "group": "local"
    },
    {
        "names": "Johnny & Lucy",
        "bgImageName": "JohnnyLucy",
        "surname": "Nguyen",
        "location": "Merrylands, NSW",
        "nation": "Australia",
        "group": "local"
    },
    {
        "names": "Ben & Jo",
        "bgImageName": "BenJo",
        "surname": "Reddy",
        "location": "Hornsby, NSW",
        "nation": "Australia",
        "group": "local"
    },
    {
        "names": "Dinh & Donna",
        "bgImageName": "DinhDonna",
        "surname": "Luu",
        "location": "Innerwest, NSW",
        "nation": "Australia",
        "group": "local"
    },
    {
        "names": "Brenton & Mele",
        "bgImageName": "BrentonMele",
        "surname": "Doyle O'Donnell",
        "location": "Redfern, NSW",
        "nation": "Australia",
        "group": "local"
    },
    {
        "names": "Craig & Raelene",
        "bgImageName": "CraigRaelene",
        "surname": "Holford",
        "location": "Phillip, ACT",
        "nation": "Australia",
        "group": "local"
    },
    {
        "names": "Jack & Mellisa",
        "bgImageName": "JackMell",
        "surname": "Hobbs",
        "location": "Wollongong, NSW",
        "nation": "Australia",
        "group": "local"
    },
    {
        "names": "Malachi & Abbey",
        "bgImageName": "MalachiAbbey",
        "surname": "Malavi",
        "location": "Revesby, NSW",
        "nation": "Australia",
        "group": "local"
    },
    {
        "names": "Mark & Hillary",
        "bgImageName": "MarkHillary",
        "surname": "Winder",
        "location": "Goulburn, NSW",
        "nation": "Australia",
        "group": "local"
    },
    {
        "names": "Taholo & Bronwyn",
        "bgImageName": "_default",
        "surname": "Renagi",
        "location": "Grafton, NSW",
        "nation": "Australia",
        "group": "local"
    },
    {
        "names": "Greg & Lisa",
        "bgImageName": "GregLisa",
        "surname": "Mitchell",
        "location": "Prescott, AZ",
        "nation": "USA",
        "group": "local"
    },
    {
        "names": "Jacob & Eliza",
        "bgImageName": "JacobEliza",
        "surname": "Winterstein",
        "location": "Moorebank, NSW",
        "nation": "Australia",
        "group": "local"
    },
    {
        "names": "Anthony & Hiba",
        "bgImageName": "AnthonyHiba",
        "surname": "Leondis",
        "location": "Rockdale, NSW",
        "nation": "Australia",
        "group": "local"
    },
    {
        "names": "Daryl & Jillian",
        "surname": "Elliott",
        "location": "Beechboro, WA",
        "nation": "Australia",
        "group": "national"
    },
    {
        "names": "Phil & Annie",
        "surname": "Ouma",
        "location": "Ipswich",
        "nation": "Australia",
        "group": "national"
    },
    {
        "names": "Leonell & Jodie",
        "surname": "Leota",
        "location": "Thomastown",
        "nation": "Australia",
        "group": "national"
    },
    {
        "names": "Glenn & Sandra",
        "surname": "Anderson",
        "location": "Cockburn",
        "nation": "Australia",
        "group": "national"
    },
    {
        "names": "Doug & Anita",
        "surname": "Ponder",
        "location": "Browns Plains",
        "nation": "Australia",
        "group": "national"
    },
    {
        "names": "Howard & Linda",
        "surname": "Avice-Demay",
        "location": "Blackburn North",
        "nation": "Australia",
        "group": "national"
    },
    {
        "names": "Jed & Laura",
        "surname": "Hachem",
        "location": "Melton",
        "nation": "Australia",
        "group": "national"
    },
    {
        "names": "Jerome & Jess",
        "surname": "Brown",
        "location": "Redcliffe",
        "group": "national",
        "nation": "Australia"
    },
    {
        "names": "Brad & Kaylah",
        "surname": "Buchanan",
        "location": "Melville",
        "nation": "Australia",
        "group": "national"
    },
    {
        "names": "Bob & Annette",
        "surname": "Burrows",
        "location": "Clayton",
        "nation": "Australia",
        "group": "national"
    },
    {
        "names": "Ronald & Kerry",
        "surname": "Chisholm",
        "location": "Midland",
        "nation": "Australia",
        "group": "national"
    },
    {
        "names": "Aaron & Jessie",
        "surname": "Cooke",
        "location": "Elizabeth",
        "nation": "Australia",
        "group": "national"
    },
    {
        "names": "Mike & Alina",
        "surname": "Cooke",
        "location": "Boxhill",
        "nation": "Australia",
        "group": "national"
    },
    {
        "names": "Rick & Lois",
        "surname": "Creemers",
        "location": "Geraldton",
        "nation": "Australia"
    },
    {
        "names": "Greg & Debbie",
        "surname": "Haagensen",
        "location": "Victoria Park",
        "nation": "Australia",
        "group": "national"
    },
    {
        "names": "Eric & Kathy",
        "surname": "Dines",
        "location": "Joondalup",
        "nation": "Australia",
        "group": "national"
    },
    {
        "names": "Joe & Caroline",
        "surname": "Dines",
        "location": "Armadale",
        "nation": "Australia",
        "group": "national"
    },
    {
        "names": "Greg & Tina",
        "surname": "Farrell",
        "location": "Busselton",
        "nation": "Australia"
    },
    {
        "names": "Peter & Kerri",
        "surname": "Field",
        "location": "Strathpine",
        "nation": "Australia",
        "group": "national"
    },
    {
        "names": "Ash & TrisYn",
        "surname": "Adam",
        "location": "Strathpine (Assist)",
        "nation": "Australia",
        "group": "national"
    },
    {
        "names": "Neal & Fiona",
        "surname": "Goodlet",
        "location": "Gosnells",
        "nation": "Australia",
        "_archived": true
    },
    {
        "names": "Paul & Debbie",
        "surname": "Graham",
        "location": "Willeton",
        "nation": "Australia",
        "group": "national"
    },
    {
        "names": "Luke & Christy",
        "surname": "Haagensen",
        "location": "Beechboro (Assist)",
        "nation": "Australia",
        "group": "national"
    },
    {
        "names": "Sean & Alyvia",
        "surname": "Davies",
        "location": "Dandenong",
        "nation": "Australia",
        "group": "national"
    },
    {
        "names": "Fritz & Claudia",
        "surname": "Helg",
        "location": "Footscray (Assist)",
        "nation": "Australia",
        "group": "national"
    },
    {
        "names": "Ben & Raj",
        "surname": "Shenton",
        "location": "Rockingham",
        "nation": "Australia",
        "group": "national"
    },
    {
        "names": "Adam & Wilma",
        "surname": "Jancec",
        "location": "Mandurah",
        "nation": "Australia",
        "group": "national"
    },
    {
        "names": "Brendan & Carolyn",
        "surname": "Jones",
        "location": "Bunbury",
        "nation": "Australia",
        "group": "national"
    },
    {
        "names": "Steve & Michele",
        "surname": "Kennaway",
        "location": "Townsville",
        "nation": "Australia",
        "group": "national"
    },
    {
        "names": "Stef & Amy",
        "surname": "Adam",
        "location": "Caboolture",
        "nation": "Australia",
        "group": "national"
    },
    {
        "names": "Shane & Erin",
        "surname": "Listing",
        "location": "Geelong",
        "nation": "Australia",
        "group": "national"
    },
    {
        "names": "David & Linda",
        "surname": "Ehlers",
        "location": "Kalgoorlie",
        "nation": "Australia",
        "group": "national"
    },
    {
        "names": "Brett & Christine",
        "surname": "Mason",
        "location": "Frankston",
        "nation": "Australia",
        "group": "national"
    },
    {
        "names": "George & Mary",
        "surname": "Ouma",
        "location": "Salisbury",
        "nation": "Australia",
        "group": "national"
    },
    {
        "names": "Chris & Skye",
        "surname": "Plummer",
        "location": "Footscray",
        "nation": "Australia",
        "group": "national"
    },
    {
        "names": "Sean & Mary",
        "surname": "Reeves",
        "location": "Underwood",
        "nation": "Australia",
        "group": "national"
    },
    {
        "names": "Christian & Anna",
        "surname": "Roennfeldt",
        "location": "Springfield",
        "nation": "Australia",
        "group": "national"
    },
    {
        "names": "Reuben & Danielle",
        "surname": "Ricciardi",
        "location": "Geraldton",
        "nation": "Australia",
        "group": "national"
    },
    {
        "names": "Michael & Holly",
        "surname": "Rodriguez-Zapata",
        "location": "Helensvale",
        "nation": "Australia",
        "group": "national"
    },
    {
        "names": "Anthony & Tracy",
        "surname": "Ryan",
        "location": "Innaloo",
        "nation": "Australia",
        "group": "national"
    },
    {
        "names": "James & Jane",
        "surname": "Allen",
        "location": "Enfield",
        "nation": "Australia",
        "group": "national"
    },
    {
        "names": "Darrin & Naomi",
        "surname": "Spruce",
        "location": "Bendigo",
        "nation": "Australia",
        "group": "national"
    },
    {
        "names": "Geoff & Miriam",
        "surname": "Stowers",
        "location": "Craigieburn",
        "nation": "Australia"
    },
    {
        "names": "Finn & Lilli",
        "surname": "Sundahl",
        "location": "Manjimup",
        "nation": "Australia",
        "group": "national"
    },
    {
        "names": "Kenan & Louise",
        "surname": "Tuteru",
        "location": "Werribee",
        "nation": "Australia",
        "group": "national"
    },
    {
        "names": "Paul & Angela",
        "surname": "Valentino",
        "location": "Mill Park",
        "nation": "Australia",
        "group": "national"
    },
    {
        "names": "Mike & Maria",
        "surname": "White",
        "location": "Launceston",
        "nation": "Australia",
        "group": "national"
    },
    {
        "names": "Moses & Corrie",
        "surname": "Keresoma",
        "location": "Beenleigh",
        "nation": "Australia",
        "group": "national"
    },
    {
        "names": "Glenn & Jess",
        "surname": "Plummer",
        "location": "Darwin",
        "nation": "Australia",
        "group": "national"
    },
    {
        "names": "Brent & Sharni",
        "surname": "Underwood",
        "location": "Burnside",
        "nation": "Australia",
        "group": "national"
    },
    {
        "names": "Fred & Haley",
        "surname": "Prasad",
        "location": "Cairns",
        "nation": "Australia",
        "group": "national"
    },
    {
        "names": "Matt & Sue",
        "surname": "Long",
        "location": "Hobart",
        "nation": "Australia"
    },
    {
        "names": "Mario & Faith",
        "surname": "Tong",
        "location": "East Brisbane",
        "nation": "Australia",
        "group": "national"
    },
    {
        "names": "Liam & Fatu",
        "surname": "Halloran",
        "location": "Adelaide",
        "nation": "Australia",
        "group": "national"
    },
    {
        "names": "Liam & Fatu",
        "surname": "Halloran",
        "location": "Adelaide",
        "nation": "Australia"
    },
    {
        "names": "Albert & Silvia",
        "surname": "Francesca",
        "location": "Mt Barker",
        "nation": "Australia",
        "group": "national"
    },
    {
        "names": "Abraham & Sarah",
        "surname": "Mbemap",
        "location": "Toowoomba",
        "nation": "Australia",
        "group": "national"
    },
    {
        "names": "Dylan & Aisha",
        "surname": "Stokes",
        "location": "Gold Coast",
        "nation": "Australia"
    },
    {
        "names": "Henry & Ivy",
        "surname": "Yeboah",
        "location": "Northam",
        "nation": "Australia",
        "group": "national"
    },
    {
        "names": "Mick & Debbie",
        "surname": "Listing",
        "location": "Beechboro",
        "nation": "Australia",
        "group": "national"
    },
    {
        "names": "Steve & Silvia",
        "surname": "Rodriguez-Zapata",
        "location": "Beechboro",
        "nation": "Australia"
    },
    {
        "names": "Dan & Natalie",
        "surname": "Villani",
        "location": "Beechboro",
        "nation": "Australia",
        "group": "national"
    },
    {
        "names": "Steve & Pauline",
        "surname": "Stephan",
        "location": "Footscray (Evangelist)",
        "nation": "Australia",
        "group": "national"
    },
    {
        "names": "Paul & Penny",
        "surname": "Boddy",
        "location": "Norwich",
        "nation": "England",
        "group": "national"
    },
    {
        "names": "Bruce & Dale",
        "surname": "Callahan",
        "location": "Willeton",
        "nation": "Australia",
        "group": "national"
    },
    {
        "names": "Scott & Anna",
        "surname": "Maclean",
        "location": "Gdansk",
        "nation": "Poland",
        "group": "international"
    },
    {
        "names": "TJ & Sophie",
        "surname": "Motokula",
        "location": "Suva",
        "nation": "Fiji",
        "group": "international"
    },
    {
        "names": "Frank & Rebekka",
        "surname": "Schwerer",
        "location": "Offenbach",
        "nation": "Germany",
        "group": "international"
    },
    {
        "names": "Steve & Stefanie",
        "surname": "Lassey",
        "location": "Pakistan",
        "nation": "Pakistan",
        "group": "international"
    },
    {
        "names": "Caleb & Victoria",
        "surname": "Spruce",
        "location": "Wellington",
        "nation": "New Zealand",
        "group": "international"
    },
    {
        "names": "Zak & Zoe",
        "surname": "Triono",
        "location": "Jakarta",
        "nation": "Indonesia",
        "group": "international"
    },
    {
        "names": "Brian & Angie",
        "surname": "Roennfeldt",
        "location": "Bali",
        "nation": "Indonesia",
        "group": "international"
    },
    {
        "names": "Trevor & Priscilla",
        "surname": "Fong",
        "location": "Kota Kinabalu",
        "nation": "Malaysia",
        "group": "international"
    },
    {
        "names": "David & Paula",
        "surname": "Abrahams",
        "location": "Rotorua",
        "nation": "New Zealand",
        "group": "international"
    },
    {
        "names": "Jason & Susan",
        "surname": "Hughes",
        "location": "Auckland",
        "nation": "New Zealand",
        "group": "international"
    },
    {
        "names": "Brett & Tina",
        "surname": "Knitter",
        "location": "New Plymouth",
        "nation": "New Zealand",
        "group": "international"
    },
    {
        "names": "Scott & Ngahina",
        "surname": "McGrath",
        "location": "Hamilton",
        "nation": "New Zealand",
        "group": "international"
    },
    {
        "names": "Chris & Ivy",
        "surname": "Ofanoa",
        "location": "Manurewa",
        "nation": "New Zealand",
        "group": "international"
    },
    {
        "names": "Rangi & Danique",
        "surname": "Pou",
        "location": "Napier",
        "nation": "New Zealand",
        "group": "international"
    },
    {
        "names": "Daniel & Rebecca",
        "surname": "Stephan",
        "location": "Onehunga",
        "nation": "New Zealand",
        "group": "international"
    },
    {
        "names": "Jade & Mihi",
        "surname": "Stevens",
        "location": "Manukau",
        "nation": "New Zealand",
        "group": "international"
    },
    {
        "names": "Graham & Teresa",
        "surname": "Thomas",
        "location": "Murupara",
        "nation": "New Zealand",
        "group": "international"
    },
    {
        "names": "Chas & Jem",
        "surname": "Ngaha",
        "location": "Papakura",
        "nation": "New Zealand"
    },
    {
        "names": "Amelin & Huia",
        "surname": "Yongo",
        "location": "Lower Hutt",
        "nation": "New Zealand",
        "group": "international"
    },
    {
        "names": "Glen & Kemi",
        "surname": "Botu",
        "location": "Lagos",
        "nation": "Nigeria",
        "group": "international"
    },
    {
        "names": "Mark & Robyn",
        "surname": "Woods",
        "location": "Port Moresby",
        "nation": "PNG",
        "group": "international"
    },
    {
        "names": "Dax & Rose",
        "surname": "Veazey",
        "location": "Bougainville",
        "nation": "PNG",
        "group": "international"
    },
    {
        "names": "Brett & Meghan",
        "surname": "Birkholtz",
        "location": "Mossel Bay",
        "nation": "South Africa",
        "group": "international"
    },
    {
        "names": "Mzontsundu & Lolwethu ",
        "surname": "Ngcawa",
        "location": "King Williams Town",
        "nation": "South Africa",
        "group": "international"
    },
    {
        "names": "Jay & Esther",
        "surname": "Hounslow",
        "location": "Dili",
        "nation": "Timor Leste",
        "group": "international"
    },
    {
        "names": "Leo & Titi",
        "surname": "Ribeiro",
        "location": "Audian, Dili",
        "nation": "Timor Leste",
        "group": "international"
    },
    {
        "names": "Alan & Karen",
        "surname": "Taylor",
        "location": "Norwich",
        "nation": "England",
        "group": "international"
    },
    {
        "names": "Nigel & Carol",
        "surname": "Brown",
        "location": "Waltham Forest",
        "nation": "England",
        "group": "international"
    },
    {
        "names": "Steve & Lisa",
        "surname": "Gabriel",
        "location": "Waltham Forest (Evangelist)",
        "nation": "England",
        "group": "international"
    },
    {
        "names": "Adam & Jane",
        "surname": "Woods",
        "location": "Ho Chi Minh City",
        "nation": "Vietnam",
        "group": "international"
    },
    {
        "names": "Isaac & Phillis",
        "surname": "Madzivire",
        "location": "Harare",
        "nation": "Zimbabwe",
        "group": "international"
    },
    {
        "names": "Bobby & Zara",
        "surname": "Wood",
        "location": "Buka Bougainville",
        "nation": "PNG",
        "group": "international"
    },
    {
        "names": "Leo & Tity",
        "surname": "Ribeiro",
        "location": "Baacau",
        "nation": "Timor Leste",
        "group": "international"
    },
    {
        "names": "Jefferson & Bettina",
        "surname": "Balboa",
        "location": "Tauranga",
        "nation": "New Zealand",
        "group": "international"
    },
    {
        "names": "Luis & Cidalia",
        "surname": "Da Costa",
        "location": "Dili",
        "nation": "Timor Leste",
        "group": "international"
    },
    {
        "names": "Stephen & Surya",
        "surname": "Jeeva",
        "location": "Kolkata",
        "nation": "India",
        "group": "international"
    },
    {
        "names": "Damian & Kayla",
        "surname": "Ninsaeng",
        "location": "Mt Roskill",
        "nation": "New Zealand",
        "group": "international"
    },
    {
        "names": "Peter & Brenda",
        "surname": "Cruz",
        "location": "Hangzhou",
        "nation": "China",
        "group": "international"
    },
    {
        "names": "Joel & Lyndsay",
        "surname": "Anderson",
        "location": "Manado North Sulawesi",
        "nation": "Indonesia",
        "group": "international"
    }
]